{"cameraMode":{"drawMode":0,"name":"Shaded","section":"Shading Mode"},"sceneLighting":false,"audioPlay":false,"sceneViewState":{"showFog":true,"showMaterialUpdate":false,"showSkybox":false,"showFlares":true,"showImageEffects":true,"showParticleSystems":true},"in2DMode":false,"pivot":{"x":0.0016105175018310547,"y":0.702850341796875,"z":-10.002480506896973},"rotation":{"x":0.08807427436113358,"y":0.8394802808761597,"z":-0.14285925030708314,"w":0.5170179605484009},"size":6.864655494689941,"orthographic":false}