{"cameraMode":{"drawMode":0,"name":"Shaded","section":"Shading Mode"},"sceneLighting":true,"audioPlay":false,"sceneViewState":{"showFog":true,"showMaterialUpdate":false,"showSkybox":true,"showFlares":true,"showImageEffects":true,"showParticleSystems":true},"in2DMode":false,"pivot":{"x":-26.040542602539064,"y":2.359633445739746,"z":39.20110321044922},"rotation":{"x":0.05560004711151123,"y":0.07267583906650543,"z":-0.0039314101450145248,"w":0.9959475994110107},"size":49.02821731567383,"orthographic":false}