{"cameraMode":{"drawMode":0,"name":"Shaded","section":"Shading Mode"},"sceneLighting":false,"audioPlay":false,"sceneViewState":{"showFog":true,"showMaterialUpdate":false,"showSkybox":false,"showFlares":true,"showImageEffects":true,"showParticleSystems":true},"in2DMode":false,"pivot":{"x":-13.47000503540039,"y":4.7874345779418949,"z":-12.0205717086792},"rotation":{"x":0.006638909690082073,"y":0.04833447188138962,"z":0.00019460244220681489,"w":-0.9988606572151184},"size":4.347978591918945,"orthographic":false}