{"cameraMode":{"drawMode":0,"name":"Shaded","section":"Shading Mode"},"sceneLighting":false,"audioPlay":false,"sceneViewState":{"showFog":true,"showMaterialUpdate":false,"showSkybox":false,"showFlares":true,"showImageEffects":true,"showParticleSystems":true},"in2DMode":false,"pivot":{"x":-16.323074340820314,"y":1.566107988357544,"z":-18.580585479736329},"rotation":{"x":-0.02056240104138851,"y":-0.9776313900947571,"z":0.17517785727977754,"w":-0.11488313972949982},"size":6.082026481628418,"orthographic":false}