{"cameraMode":{"drawMode":0,"name":"Shaded","section":"Shading Mode"},"sceneLighting":false,"audioPlay":false,"sceneViewState":{"showFog":true,"showMaterialUpdate":false,"showSkybox":false,"showFlares":true,"showImageEffects":true,"showParticleSystems":true},"in2DMode":false,"pivot":{"x":-11.228975296020508,"y":3.7557053565979006,"z":-12.420890808105469},"rotation":{"x":0.027323909103870393,"y":-0.9428950548171997,"z":0.08023785054683685,"w":0.32229167222976687},"size":11.227689743041993,"orthographic":false}