{"cameraMode":{"drawMode":0,"name":"Shaded","section":"Shading Mode"},"sceneLighting":false,"audioPlay":false,"sceneViewState":{"showFog":true,"showMaterialUpdate":false,"showSkybox":false,"showFlares":true,"showImageEffects":true,"showParticleSystems":true},"in2DMode":false,"pivot":{"x":-5.5954084396362309,"y":1.6629992723464966,"z":-26.95161247253418},"rotation":{"x":0.11912461370229721,"y":-0.7044918537139893,"z":0.12195635586977005,"w":0.689021646976471},"size":4.061275482177734,"orthographic":false}