{"cameraMode":{"drawMode":0,"name":"Shaded","section":"Shading Mode"},"sceneLighting":false,"audioPlay":false,"sceneViewState":{"showFog":true,"showMaterialUpdate":false,"showSkybox":false,"showFlares":true,"showImageEffects":true,"showParticleSystems":true},"in2DMode":false,"pivot":{"x":-24.689477920532228,"y":3.8749184608459474,"z":-9.127083778381348},"rotation":{"x":-0.013248695060610772,"y":0.971772313117981,"z":-0.22888422012329102,"w":-0.05694315582513809},"size":9.665691375732422,"orthographic":false}