{"cameraMode":{"drawMode":0,"name":"Shaded","section":"Shading Mode"},"sceneLighting":false,"audioPlay":false,"sceneViewState":{"showFog":true,"showMaterialUpdate":false,"showSkybox":false,"showFlares":true,"showImageEffects":true,"showParticleSystems":true},"in2DMode":false,"pivot":{"x":0.4135141968727112,"y":4.401926517486572,"z":0.38399314880371096},"rotation":{"x":-0.015268777497112751,"y":0.9798258543014526,"z":-0.18195661902427674,"w":-0.08247634023427963},"size":10.73132038116455,"orthographic":false}