{"cameraMode":{"drawMode":0,"name":"Shaded","section":"Shading Mode"},"sceneLighting":false,"audioPlay":false,"sceneViewState":{"showFog":true,"showMaterialUpdate":false,"showSkybox":false,"showFlares":true,"showImageEffects":true,"showParticleSystems":true},"in2DMode":false,"pivot":{"x":-120.53993225097656,"y":662.4903564453125,"z":-366.5883483886719},"rotation":{"x":0.0038108299486339094,"y":-0.9956819415092468,"z":-0.08202067017555237,"w":-0.04573678597807884},"size":14.452372550964356,"orthographic":false}