{"cameraMode":{"drawMode":0,"name":"Shaded","section":"Shading Mode"},"sceneLighting":false,"audioPlay":false,"sceneViewState":{"showFog":true,"showMaterialUpdate":false,"showSkybox":false,"showFlares":true,"showImageEffects":true,"showParticleSystems":true},"in2DMode":false,"pivot":{"x":-27.19064712524414,"y":2.995290756225586,"z":-34.23450469970703},"rotation":{"x":0.07427011430263519,"y":0.045447442680597308,"z":-0.0033756745979189874,"w":0.9963093400001526},"size":6.0785980224609379,"orthographic":false}