{"cameraMode":{"drawMode":0,"name":"Shaded","section":"Shading Mode"},"sceneLighting":false,"audioPlay":false,"sceneViewState":{"showFog":true,"showMaterialUpdate":false,"showSkybox":false,"showFlares":true,"showImageEffects":true,"showParticleSystems":true},"in2DMode":false,"pivot":{"x":-114.11077117919922,"y":92.22810363769531,"z":-110.5860595703125},"rotation":{"x":0.07501255720853806,"y":0.14303793013095857,"z":-0.010853179730474949,"w":0.9869051575660706},"size":5.049930572509766,"orthographic":false}