{"cameraMode":{"drawMode":0,"name":"Shaded","section":"Shading Mode"},"sceneLighting":false,"audioPlay":false,"sceneViewState":{"showFog":true,"showMaterialUpdate":false,"showSkybox":false,"showFlares":true,"showImageEffects":true,"showParticleSystems":true},"in2DMode":false,"pivot":{"x":12.944817543029786,"y":2.563662528991699,"z":-6.023498058319092},"rotation":{"x":-0.15894006192684174,"y":0.5854980945587158,"z":-0.11838502436876297,"w":-0.7860940098762512},"size":5.741725921630859,"orthographic":false}